name,invasive
1,0.4749656617641449
2,0.3065049946308136
3,0.08921068161725998
4,0.1281057596206665
5,0.9638210535049438
6,0.18978777527809143
7,0.23554332554340363
8,0.8709447383880615
9,0.9628629088401794
10,0.186650812625885
11,0.11179971694946289
12,0.1894015222787857
13,0.2339985966682434
14,0.9211251139640808
15,0.10052094608545303
16,0.21516533195972443
17,0.16166117787361145
18,0.2350064516067505
19,0.35114744305610657
20,0.39328503608703613
21,0.840783953666687
22,0.18659472465515137
23,0.4058149456977844
24,0.29826268553733826
25,0.8727988600730896
26,0.9624217748641968
27,0.8673054575920105
28,0.1451399177312851
29,0.24275463819503784
30,0.22809356451034546
31,0.10996692627668381
32,0.17789508402347565
33,0.8883521556854248
34,0.9627178311347961
35,0.17961053550243378
36,0.8793506622314453
37,0.4517131745815277
38,0.30817514657974243
39,0.720405101776123
40,0.1786268651485443
41,0.8550194501876831
42,0.6381741762161255
43,0.23307111859321594
44,0.17789225280284882
45,0.7915822863578796
46,0.545865535736084
47,0.3522510230541229
48,0.8436987400054932
49,0.22600193321704865
50,0.9248281121253967
51,0.9122287034988403
52,0.9246406555175781
53,0.1496218591928482
54,0.6241576075553894
55,0.7404068112373352
56,0.22484581172466278
57,0.6547566056251526
58,0.9294221997261047
59,0.25065433979034424
60,0.6269444227218628
61,0.16015952825546265
62,0.2117832452058792
63,0.7755375504493713
64,0.9832131862640381
65,0.2174798548221588
66,0.3941938281059265
67,0.17043718695640564
68,0.8928836584091187
69,0.0850154235959053
70,0.9189594984054565
71,0.17512013018131256
72,0.39004257321357727
73,0.3631141483783722
74,0.1834045648574829
75,0.19397079944610596
76,0.4004695415496826
77,0.8016553521156311
78,0.8067395687103271
79,0.22779066860675812
80,0.23601289093494415
81,0.2132221907377243
82,0.9905862212181091
83,0.08915913105010986
84,0.01891412027180195
85,0.7783113121986389
86,0.5744354724884033
87,0.5830469131469727
88,0.7335965633392334
89,0.8109809756278992
90,0.19828322529792786
91,0.21085579693317413
92,0.30872344970703125
93,0.2048484981060028
94,0.2619866132736206
95,0.13678747415542603
96,0.17276141047477722
97,0.8052387237548828
98,0.21758133172988892
99,0.8755766153335571
100,0.12592478096485138
101,0.1945490539073944
102,0.20289233326911926
103,0.6303278803825378
104,0.7243778705596924
105,0.6725817322731018
106,0.18705004453659058
107,0.20823080837726593
108,0.19632889330387115
109,0.8999724388122559
110,0.2361392229795456
111,0.31423088908195496
112,0.5197913646697998
113,0.49268507957458496
114,0.7743219137191772
115,0.6418396234512329
116,0.7956712245941162
117,0.8527023792266846
118,0.196289524435997
119,0.9638341069221497
120,0.8626895546913147
121,0.8921536207199097
122,0.3082144856452942
123,0.7621393799781799
124,0.9239983558654785
125,0.7538228034973145
126,0.3732040226459503
127,0.6240777969360352
128,0.916936457157135
129,0.38754749298095703
130,0.6587240099906921
131,0.18214380741119385
132,0.49524882435798645
133,0.16837695240974426
134,0.837904691696167
135,0.5693210959434509
136,0.2910973131656647
137,0.2287878692150116
138,0.20922836661338806
139,0.8032417893409729
140,0.9102339744567871
141,0.8974552154541016
142,0.7272089719772339
143,0.37874481081962585
144,0.05553790554404259
145,0.2415856570005417
146,0.42323580384254456
147,0.6806873083114624
148,0.7713747620582581
149,0.5587186217308044
150,0.1707458645105362
151,0.9042648077011108
152,0.5720658898353577
153,0.05294708162546158
154,0.9187516570091248
155,0.4973420798778534
156,0.8745021820068359
157,0.11435850709676743
158,0.7091635465621948
159,0.2249097377061844
160,0.7580081820487976
161,0.28444746136665344
162,0.2965671718120575
163,0.17997097969055176
164,0.5037797093391418
165,0.9864616990089417
166,0.23482456803321838
167,0.5711615681648254
168,0.9705975651741028
169,0.9203436970710754
170,0.30263185501098633
171,0.3143749535083771
172,0.3727588355541229
173,0.6170697212219238
174,0.2924230694770813
175,0.6439743041992188
176,0.10592421144247055
177,0.21690674126148224
178,0.24136315286159515
179,0.7860389947891235
180,0.321645587682724
181,0.74102383852005
182,0.927175760269165
183,0.13474145531654358
184,0.0936698317527771
185,0.3392254412174225
186,0.8149402141571045
187,0.489312082529068
188,0.16220833361148834
189,0.16949045658111572
190,0.1263951063156128
191,0.24372689425945282
192,0.9851389527320862
193,0.956588864326477
194,0.25924810767173767
195,0.3061317801475525
196,0.5752766132354736
197,0.18131901323795319
198,0.40136489272117615
199,0.9598644971847534
200,0.33523857593536377
201,0.4190247058868408
202,0.868341863155365
203,0.8690769672393799
204,0.5366483330726624
205,0.07061898708343506
206,0.21781687438488007
207,0.5946301221847534
208,0.13467751443386078
209,0.8196583986282349
210,0.9018554091453552
211,0.3374992311000824
212,0.31560733914375305
213,0.3345307409763336
214,0.9436711668968201
215,0.16204121708869934
216,0.39081695675849915
217,0.3607487082481384
218,0.3295272886753082
219,0.1530144363641739
220,0.9317542910575867
221,0.9506137371063232
222,0.9357761144638062
223,0.9157347083091736
224,0.1993994116783142
225,0.8191201090812683
226,0.35638928413391113
227,0.837298572063446
228,0.8966101408004761
229,0.8591916561126709
230,0.19528858363628387
231,0.7526223063468933
232,0.8873563408851624
233,0.44510966539382935
234,0.940595805644989
235,0.8306247591972351
236,0.9447318911552429
237,0.8306854963302612
238,0.7943843603134155
239,0.901127278804779
240,0.12468567490577698
241,0.1848839521408081
242,0.2715609073638916
243,0.49237242341041565
244,0.6236171126365662
245,0.28922346234321594
246,0.4154214859008789
247,0.25896260142326355
248,0.5891422033309937
249,0.9552406072616577
250,0.5909286737442017
251,0.5036687850952148
252,0.5897988080978394
253,0.9353161454200745
254,0.17514722049236298
255,0.25164610147476196
256,0.39171457290649414
257,0.4887767732143402
258,0.3346310555934906
259,0.9660229682922363
260,0.29931139945983887
261,0.14254823327064514
262,0.3472828269004822
263,0.0805932953953743
264,0.8666069507598877
265,0.548538088798523
266,0.2712366282939911
267,0.6985726356506348
268,0.9200299978256226
269,0.41238564252853394
270,0.11081156134605408
271,0.912346601486206
272,0.14805813133716583
273,0.7753121256828308
274,0.14881832897663116
275,0.3194260895252228
276,0.9226601123809814
277,0.2392762005329132
278,0.9031748175621033
279,0.2386658936738968
280,0.417020320892334
281,0.4501192271709442
282,0.5696405172348022
283,0.03609208017587662
284,0.23537582159042358
285,0.8476584553718567
286,0.5521456599235535
287,0.25533053278923035
288,0.2978237271308899
289,0.7584461569786072
290,0.2184349000453949
291,0.8611064553260803
292,0.11758879572153091
293,0.21957582235336304
294,0.27564528584480286
295,0.2580392062664032
296,0.11528725922107697
297,0.4029183089733124
298,0.04918977618217468
299,0.1331084668636322
300,0.10705974698066711
301,0.20441246032714844
302,0.5469328761100769
303,0.3086540699005127
304,0.9462118744850159
305,0.8693216443061829
306,0.908258855342865
307,0.15978221595287323
308,0.12186641991138458
309,0.12250861525535583
310,0.5687357187271118
311,0.22694551944732666
312,0.5467172265052795
313,0.6079995036125183
314,0.854180634021759
315,0.19542455673217773
316,0.4194289743900299
317,0.48093435168266296
318,0.9769068360328674
319,0.9537522792816162
320,0.21274925768375397
321,0.9053641557693481
322,0.8320096731185913
323,0.5515174269676208
324,0.23180444538593292
325,0.07496842741966248
326,0.06913948804140091
327,0.8081706762313843
328,0.6243334412574768
329,0.8866711854934692
330,0.7212700843811035
331,0.28395509719848633
332,0.1311006397008896
333,0.9169024229049683
334,0.21658040583133698
335,0.23977793753147125
336,0.8507865071296692
337,0.46272027492523193
338,0.12296544015407562
339,0.27790597081184387
340,0.509723424911499
341,0.3832235634326935
342,0.0291577260941267
343,0.9217042922973633
344,0.06723296642303467
345,0.8959603309631348
346,0.5758622884750366
347,0.14948627352714539
348,0.7832700610160828
349,0.24598707258701324
350,0.26470547914505005
351,0.1706981062889099
352,0.9373217821121216
353,0.12740416824817657
354,0.4425155520439148
355,0.8834216594696045
356,0.4102412462234497
357,0.275983989238739
358,0.5043589472770691
359,0.30405479669570923
360,0.21674229204654694
361,0.0496295765042305
362,0.17035308480262756
363,0.7615600824356079
364,0.8943976163864136
365,0.7294518947601318
366,0.1306348741054535
367,0.3197028934955597
368,0.13258635997772217
369,0.8814214468002319
370,0.8331990242004395
371,0.8707880973815918
372,0.8045689463615417
373,0.1795213222503662
374,0.13023941218852997
375,0.3104234039783478
376,0.1952049285173416
377,0.22085918486118317
378,0.43326470255851746
379,0.04450478404760361
380,0.24570228159427643
381,0.8810120224952698
382,0.16849011182785034
383,0.35098734498023987
384,0.9394932985305786
385,0.12558582425117493
386,0.5467137694358826
387,0.9988697171211243
388,0.8698392510414124
389,0.5844566822052002
390,0.7971444725990295
391,0.1703471541404724
392,0.34968066215515137
393,0.24180711805820465
394,0.1920025795698166
395,0.335941344499588
396,0.26461970806121826
397,0.9313028454780579
398,0.1525738686323166
399,0.39315125346183777
400,0.19037002325057983
401,0.9005680084228516
402,0.6828399300575256
403,0.30913156270980835
404,0.29974597692489624
405,0.5709228515625
406,0.38737085461616516
407,0.6458292007446289
408,0.690132200717926
409,0.36342671513557434
410,0.454032838344574
411,0.14101417362689972
412,0.45971065759658813
413,0.723962128162384
414,0.21692411601543427
415,0.26442840695381165
416,0.303445965051651
417,0.2493525892496109
418,0.45480167865753174
419,0.9326565861701965
420,0.9044825434684753
421,0.32695797085762024
422,0.1794527769088745
423,0.4580865800380707
424,0.30808261036872864
425,0.9340574145317078
426,0.35564175248146057
427,0.2234649956226349
428,0.7330818772315979
429,0.717970609664917
430,0.5333833694458008
431,0.05800577625632286
432,0.05777527019381523
433,0.5662336945533752
434,0.2209644764661789
435,0.5632268786430359
436,0.17481842637062073
437,0.5212684273719788
438,0.968292772769928
439,0.3364538252353668
440,0.7072116732597351
441,0.9405367970466614
442,0.577223002910614
443,0.43843671679496765
444,0.2393578439950943
445,0.10326661169528961
446,0.6917061805725098
447,0.371059387922287
448,0.07860508561134338
449,0.038040291517972946
450,0.5337320566177368
451,0.40868791937828064
452,0.15772995352745056
453,0.05882738530635834
454,0.18178772926330566
455,0.920558750629425
456,0.19556079804897308
457,0.2789793908596039
458,0.2847098410129547
459,0.30659011006355286
460,0.14247119426727295
461,0.9826456308364868
462,0.088836669921875
463,0.7806271314620972
464,0.6894134879112244
465,0.19037120044231415
466,0.13151174783706665
467,0.19960325956344604
468,0.9503823518753052
469,0.9623704552650452
470,0.33423662185668945
471,0.2381623089313507
472,0.5684915781021118
473,0.1204160526394844
474,0.44677889347076416
475,0.44952622056007385
476,0.1678900569677353
477,0.5430828332901001
478,0.08440417796373367
479,0.7453882098197937
480,0.20935498178005219
481,0.8496238589286804
482,0.10151948779821396
483,0.6780879497528076
484,0.2759113609790802
485,0.9619929194450378
486,0.2935330271720886
487,0.19394966959953308
488,0.6358285546302795
489,0.2164115160703659
490,0.14205999672412872
491,0.9422736167907715
492,0.11811389029026031
493,0.27928054332733154
494,0.8766459226608276
495,0.3998047709465027
496,0.7722545266151428
497,0.1686987280845642
498,0.13920703530311584
499,0.19619855284690857
500,0.15536697208881378
501,0.9057965278625488
502,0.909733772277832
503,0.2935529053211212
504,0.8317527174949646
505,0.3017510175704956
506,0.5596916675567627
507,0.9115200638771057
508,0.6865234971046448
509,0.08809850364923477
510,0.6389318704605103
511,0.2872694134712219
512,0.3255934715270996
513,0.927263617515564
514,0.1701827198266983
515,0.8095375895500183
516,0.80447918176651
517,0.21810466051101685
518,0.8895845413208008
519,0.17558078467845917
520,0.700016975402832
521,0.34514617919921875
522,0.17485035955905914
523,0.7059885263442993
524,0.7873516082763672
525,0.0704365223646164
526,0.7521799802780151
527,0.9718157052993774
528,0.9411848187446594
529,0.1963973194360733
530,0.5665907263755798
531,0.1520310491323471
532,0.15407592058181763
533,0.3779905140399933
534,0.1479073464870453
535,0.40811046957969666
536,0.1383417397737503
537,0.14344215393066406
538,0.11756552755832672
539,0.11702345311641693
540,0.25572407245635986
541,0.20347389578819275
542,0.21477662026882172
543,0.03469851240515709
544,0.20703934133052826
545,0.7902975082397461
546,0.39313802123069763
547,0.9722814559936523
548,0.11782129108905792
549,0.6012222766876221
550,0.9456160068511963
551,0.19919520616531372
552,0.4404332637786865
553,0.0809701606631279
554,0.12520481646060944
555,0.2536804974079132
556,0.587364673614502
557,0.7646570205688477
558,0.34494227170944214
559,0.9249818921089172
560,0.1288762241601944
561,0.22059985995292664
562,0.1556561440229416
563,0.21820174157619476
564,0.2868931293487549
565,0.23539981245994568
566,0.9546120762825012
567,0.7474307417869568
568,0.17622211575508118
569,0.9038447141647339
570,0.3802219033241272
571,0.5427064299583435
572,0.6968250274658203
573,0.3259332478046417
574,0.10869394987821579
575,0.5217172503471375
576,0.8485732078552246
577,0.8424210548400879
578,0.2210765928030014
579,0.5338536500930786
580,0.14833207428455353
581,0.632462203502655
582,0.9450865387916565
583,0.7658113837242126
584,0.4072088301181793
585,0.18761172890663147
586,0.08165017515420914
587,0.2572460472583771
588,0.25831344723701477
589,0.7259359359741211
590,0.6839630007743835
591,0.15972450375556946
592,0.26771149039268494
593,0.5859528183937073
594,0.8002859950065613
595,0.6767314076423645
596,0.3157427906990051
597,0.11427047103643417
598,0.26181215047836304
599,0.7127764821052551
600,0.19627520442008972
601,0.49656325578689575
602,0.49322226643562317
603,0.40642428398132324
604,0.8425247073173523
605,0.41134533286094666
606,0.3529009521007538
607,0.13763564825057983
608,0.16133548319339752
609,0.8953126072883606
610,0.35515454411506653
611,0.126798614859581
612,0.6332272887229919
613,0.9301854968070984
614,0.751775324344635
615,0.9348356127738953
616,0.4950123429298401
617,0.5639429688453674
618,0.5271461606025696
619,0.9677955508232117
620,0.3011195957660675
621,0.35756731033325195
622,0.9444496035575867
623,0.29717326164245605
624,0.3636101484298706
625,0.23807789385318756
626,0.21533820033073425
627,0.929035484790802
628,0.955897867679596
629,0.17169643938541412
630,0.3159632682800293
631,0.9864245057106018
632,0.5109862089157104
633,0.8726473450660706
634,0.22450967133045197
635,0.8561482429504395
636,0.13871116936206818
637,0.5420480966567993
638,0.10739459097385406
639,0.44706547260284424
640,0.20732565224170685
641,0.4250641167163849
642,0.8502724170684814
643,0.7650303840637207
644,0.1717546433210373
645,0.36226725578308105
646,0.6795443892478943
647,0.6722152829170227
648,0.9553971886634827
649,0.09207367151975632
650,0.08053600788116455
651,0.3242768347263336
652,0.9669537544250488
653,0.4102785885334015
654,0.08792019635438919
655,0.17678825557231903
656,0.8233023881912231
657,0.24425750970840454
658,0.6062559485435486
659,0.08809935301542282
660,0.3698813319206238
661,0.24337905645370483
662,0.666795551776886
663,0.9887818694114685
664,0.964739978313446
665,0.6519039869308472
666,0.21837829053401947
667,0.696308970451355
668,0.4550509750843048
669,0.16446249186992645
670,0.37371376156806946
671,0.4292955994606018
672,0.9778065085411072
673,0.14228855073451996
674,0.7751337885856628
675,0.7250885963439941
676,0.28174519538879395
677,0.41776251792907715
678,0.5495189428329468
679,0.6267486810684204
680,0.9475128650665283
681,0.2329110950231552
682,0.06372848153114319
683,0.6460938453674316
684,0.7259347438812256
685,0.148456871509552
686,0.12781120836734772
687,0.15186095237731934
688,0.2821952700614929
689,0.0813116729259491
690,0.23505321145057678
691,0.8098841309547424
692,0.3207128345966339
693,0.9566867351531982
694,0.44668814539909363
695,0.5108225345611572
696,0.8945726156234741
697,0.8611732721328735
698,0.36798572540283203
699,0.38578689098358154
700,0.9446460604667664
701,0.884675145149231
702,0.519557774066925
703,0.02354426123201847
704,0.10520348697900772
705,0.23822520673274994
706,0.9138215780258179
707,0.6674848198890686
708,0.9741094708442688
709,0.270619660615921
710,0.3337211310863495
711,0.06641056388616562
712,0.37660303711891174
713,0.2127116322517395
714,0.9363282918930054
715,0.7182496786117554
716,0.11787354946136475
717,0.596721887588501
718,0.26261386275291443
719,0.44547194242477417
720,0.206222265958786
721,0.32449424266815186
722,0.4441268742084503
723,0.7209011912345886
724,0.1472764015197754
725,0.3005083501338959
726,0.16277648508548737
727,0.6672438979148865
728,0.3328236937522888
729,0.22509543597698212
730,0.447202205657959
731,0.1789577752351761
732,0.7826372981071472
733,0.3182448148727417
734,0.23636223375797272
735,0.5134116411209106
736,0.5875734686851501
737,0.37225213646888733
738,0.7996750473976135
739,0.0846775621175766
740,0.4350370466709137
741,0.9112052917480469
742,0.0910046398639679
743,0.933476984500885
744,0.8916146159172058
745,0.4019472301006317
746,0.2859300971031189
747,0.3469408452510834
748,0.6406998038291931
749,0.4370746612548828
750,0.5884817242622375
751,0.8664160966873169
752,0.24651233851909637
753,0.2549908459186554
754,0.24852095544338226
755,0.31545233726501465
756,0.38347458839416504
757,0.3152880072593689
758,0.9249070286750793
759,0.20547018945217133
760,0.31777337193489075
761,0.1760379672050476
762,0.9174902439117432
763,0.17527030408382416
764,0.8811153769493103
765,0.7493149042129517
766,0.35791081190109253
767,0.11910655349493027
768,0.9760597348213196
769,0.298518568277359
770,0.1634591668844223
771,0.956183671951294
772,0.9064791798591614
773,0.965214192867279
774,0.4278548061847687
775,0.3920964300632477
776,0.22137409448623657
777,0.7191388607025146
778,0.19461818039417267
779,0.9506006836891174
780,0.9264010787010193
781,0.6400660276412964
782,0.47701096534729004
783,0.793820858001709
784,0.9612268209457397
785,0.9367423057556152
786,0.4286029636859894
787,0.8984034061431885
788,0.1559244692325592
789,0.14544175565242767
790,0.8945112228393555
791,0.18777811527252197
792,0.6790938973426819
793,0.3833376169204712
794,0.22585560381412506
795,0.47435298562049866
796,0.9153797030448914
797,0.6726361513137817
798,0.28437790274620056
799,0.9181807041168213
800,0.743801474571228
801,0.4362153708934784
802,0.8273811936378479
803,0.43647533655166626
804,0.35458287596702576
805,0.8949379920959473
806,0.2380496859550476
807,0.796620786190033
808,0.14316469430923462
809,0.9223767518997192
810,0.3046915829181671
811,0.9126036167144775
812,0.33311134576797485
813,0.9684234857559204
814,0.4475879669189453
815,0.44217759370803833
816,0.9143032431602478
817,0.6929439902305603
818,0.4190322756767273
819,0.415213406085968
820,0.388017863035202
821,0.433495432138443
822,0.11140748858451843
823,0.4410102665424347
824,0.7954998016357422
825,0.060037482529878616
826,0.3265343904495239
827,0.37082791328430176
828,0.5249207019805908
829,0.8332597017288208
830,0.18650974333286285
831,0.911167323589325
832,0.2535419762134552
833,0.6072664856910706
834,0.08415024727582932
835,0.1095772311091423
836,0.20165640115737915
837,0.4965049624443054
838,0.14150182902812958
839,0.12975816428661346
840,0.3005986511707306
841,0.4687666893005371
842,0.7870073914527893
843,0.0758756771683693
844,0.9690369367599487
845,0.4354090988636017
846,0.4767597019672394
847,0.33585023880004883
848,0.33681002259254456
849,0.1631597876548767
850,0.17999745905399323
851,0.6801869869232178
852,0.15026482939720154
853,0.7613227367401123
854,0.5805395245552063
855,0.538705587387085
856,0.42771899700164795
857,0.8539204597473145
858,0.7940521836280823
859,0.9343740940093994
860,0.7520820498466492
861,0.8717458248138428
862,0.8476243615150452
863,0.6486630439758301
864,0.148381307721138
865,0.7503490447998047
866,0.522310733795166
867,0.19613148272037506
868,0.646469235420227
869,0.9567065834999084
870,0.2920840382575989
871,0.2709939181804657
872,0.698743462562561
873,0.45279431343078613
874,0.6328665614128113
875,0.9170578718185425
876,0.7735817432403564
877,0.14478468894958496
878,0.15765854716300964
879,0.9539247155189514
880,0.6529961228370667
881,0.3664216995239258
882,0.8189806938171387
883,0.1789085865020752
884,0.9679605960845947
885,0.5062188506126404
886,0.3760955035686493
887,0.9202080368995667
888,0.4047410786151886
889,0.9197876453399658
890,0.7096692323684692
891,0.917762279510498
892,0.3347700536251068
893,0.6741282343864441
894,0.7754477858543396
895,0.18748733401298523
896,0.3325553834438324
897,0.7751305103302002
898,0.1228567361831665
899,0.4007835388183594
900,0.8786804676055908
901,0.8562058210372925
902,0.7203302979469299
903,0.7436864972114563
904,0.9361811280250549
905,0.5104533433914185
906,0.3261059522628784
907,0.4341498017311096
908,0.25301089882850647
909,0.97719407081604
910,0.12108298391103745
911,0.9584552049636841
912,0.3793930411338806
913,0.14679962396621704
914,0.32863426208496094
915,0.442190557718277
916,0.2951544225215912
917,0.9106693267822266
918,0.7050206661224365
919,0.7506610155105591
920,0.8901255130767822
921,0.9223847985267639
922,0.18254035711288452
923,0.30320173501968384
924,0.6479066014289856
925,0.09551519900560379
926,0.49321961402893066
927,0.2758997678756714
928,0.8451802730560303
929,0.3283175230026245
930,0.07628270238637924
931,0.14273475110530853
932,0.29820504784584045
933,0.17296041548252106
934,0.8284854888916016
935,0.6957367658615112
936,0.4556547701358795
937,0.9111015200614929
938,0.06162479892373085
939,0.2912878096103668
940,0.9285315871238708
941,0.18704469501972198
942,0.07622360438108444
943,0.7357394099235535
944,0.3887012302875519
945,0.2674545645713806
946,0.481572687625885
947,0.6734246611595154
948,0.37493807077407837
949,0.9334540367126465
950,0.5337348580360413
951,0.46727949380874634
952,0.646763801574707
953,0.22592857480049133
954,0.5114958882331848
955,0.3930566608905792
956,0.8864461183547974
957,0.9681629538536072
958,0.6850743293762207
959,0.1865367591381073
960,0.374083012342453
961,0.5966667532920837
962,0.9157968163490295
963,0.6515152454376221
964,0.3586118221282959
965,0.2922670841217041
966,0.9322767853736877
967,0.9172346591949463
968,0.2265617400407791
969,0.450299471616745
970,0.08817635476589203
971,0.33097928762435913
972,0.6061128377914429
973,0.6151554584503174
974,0.8001814484596252
975,0.3231303095817566
976,0.6735588312149048
977,0.26365044713020325
978,0.8403046131134033
979,0.17840130627155304
980,0.18707279860973358
981,0.24010103940963745
982,0.7581390142440796
983,0.4750475287437439
984,0.6891425848007202
985,0.23266923427581787
986,0.8173490166664124
987,0.8306736946105957
988,0.46718794107437134
989,0.8461151123046875
990,0.9841653108596802
991,0.5445452928543091
992,0.5911045074462891
993,0.8680137991905212
994,0.08210614323616028
995,0.4431823492050171
996,0.0931636244058609
997,0.3046770393848419
998,0.3943358063697815
999,0.8069979548454285
1000,0.7576005458831787
1001,0.2709926962852478
1002,0.10408735275268555
1003,0.9647412896156311
1004,0.8145861625671387
1005,0.622880756855011
1006,0.5812326669692993
1007,0.1500856727361679
1008,0.32695069909095764
1009,0.7133694291114807
1010,0.1935281902551651
1011,0.06894640624523163
1012,0.9336188435554504
1013,0.873215913772583
1014,0.19343698024749756
1015,0.5393807291984558
1016,0.12329782545566559
1017,0.3489607274532318
1018,0.6126059293746948
1019,0.484149694442749
1020,0.4585796296596527
1021,0.6617530584335327
1022,0.1789504736661911
1023,0.09685764461755753
1024,0.6135462522506714
1025,0.4247680902481079
1026,0.12200697511434555
1027,0.27104172110557556
1028,0.18251588940620422
1029,0.3437321186065674
1030,0.10752709209918976
1031,0.8263254165649414
1032,0.20137304067611694
1033,0.41114112734794617
1034,0.5405541062355042
1035,0.7193188667297363
1036,0.9564056396484375
1037,0.9215683341026306
1038,0.13661907613277435
1039,0.4371207654476166
1040,0.7821717858314514
1041,0.8057897090911865
1042,0.9341065287590027
1043,0.8455859422683716
1044,0.13813549280166626
1045,0.0794711783528328
1046,0.8316950798034668
1047,0.9508590698242188
1048,0.08296387642621994
1049,0.1583065539598465
1050,0.727668046951294
1051,0.18079398572444916
1052,0.08471428602933884
1053,0.4768484830856323
1054,0.9459604620933533
1055,0.57071852684021
1056,0.20975618064403534
1057,0.9492321014404297
1058,0.7337338924407959
1059,0.9299752116203308
1060,0.9882209897041321
1061,0.2254098504781723
1062,0.9380800127983093
1063,0.44294819235801697
1064,0.1557486653327942
1065,0.7274168133735657
1066,0.8938909769058228
1067,0.0839443951845169
1068,0.9739041924476624
1069,0.4365151524543762
1070,0.20754416286945343
1071,0.4736664891242981
1072,0.47586870193481445
1073,0.1727542281150818
1074,0.7779200673103333
1075,0.6469666957855225
1076,0.14222444593906403
1077,0.9004682302474976
1078,0.39541032910346985
1079,0.9780502915382385
1080,0.4841686487197876
1081,0.8787822127342224
1082,0.887089729309082
1083,0.8410063982009888
1084,0.9199239611625671
1085,0.9161657691001892
1086,0.48800933361053467
1087,0.239319309592247
1088,0.33613523840904236
1089,0.9324530959129333
1090,0.2137175351381302
1091,0.9418763518333435
1092,0.2864712178707123
1093,0.180619478225708
1094,0.36885732412338257
1095,0.4868057668209076
1096,0.10271785408258438
1097,0.08109889924526215
1098,0.5442373156547546
1099,0.20914390683174133
1100,0.6567693948745728
1101,0.8601229786872864
1102,0.8659342527389526
1103,0.23923994600772858
1104,0.41710492968559265
1105,0.333964467048645
1106,0.8790940046310425
1107,0.6711351275444031
1108,0.23865807056427002
1109,0.941889762878418
1110,0.4423183500766754
1111,0.10169646888971329
1112,0.2511706054210663
1113,0.5214938521385193
1114,0.12324878573417664
1115,0.5511928200721741
1116,0.9212710857391357
1117,0.8986890316009521
1118,0.12333887070417404
1119,0.5333197712898254
1120,0.35166487097740173
1121,0.380008339881897
1122,0.9019423723220825
1123,0.6116775274276733
1124,0.21336540579795837
1125,0.5401014089584351
1126,0.6427232027053833
1127,0.213083416223526
1128,0.21410132944583893
1129,0.26080262660980225
1130,0.3378322720527649
1131,0.837129533290863
1132,0.18634779751300812
1133,0.13466553390026093
1134,0.7887632846832275
1135,0.32820624113082886
1136,0.5144208669662476
1137,0.8783124685287476
1138,0.3069087862968445
1139,0.703793466091156
1140,0.5892170667648315
1141,0.269094854593277
1142,0.8133767247200012
1143,0.34312552213668823
1144,0.37447547912597656
1145,0.042721331119537354
1146,0.20087027549743652
1147,0.34767067432403564
1148,0.570256233215332
1149,0.18805626034736633
1150,0.22197435796260834
1151,0.3047759234905243
1152,0.8362895250320435
1153,0.13678917288780212
1154,0.38550835847854614
1155,0.15421688556671143
1156,0.7827069163322449
1157,0.4319877326488495
1158,0.11212879419326782
1159,0.11313864588737488
1160,0.3095458149909973
1161,0.769160807132721
1162,0.577147364616394
1163,0.21818244457244873
1164,0.3723950684070587
1165,0.6435582637786865
1166,0.0791848823428154
1167,0.8149991035461426
1168,0.95643550157547
1169,0.21599210798740387
1170,0.3255563974380493
1171,0.9603461027145386
1172,0.8957261443138123
1173,0.15791252255439758
1174,0.8549504280090332
1175,0.16676045954227448
1176,0.9527443051338196
1177,0.8704684972763062
1178,0.06347981095314026
1179,0.452327698469162
1180,0.8626055717468262
1181,0.88919597864151
1182,0.9507113099098206
1183,0.17129676043987274
1184,0.07675891369581223
1185,0.14061212539672852
1186,0.17664478719234467
1187,0.9645299911499023
1188,0.09240167587995529
1189,0.1838088482618332
1190,0.11981575936079025
1191,0.2292201817035675
1192,0.6966081261634827
1193,0.41423851251602173
1194,0.42016416788101196
1195,0.15611866116523743
1196,0.8703145980834961
1197,0.9046280980110168
1198,0.6607049107551575
1199,0.37341541051864624
1200,0.9408338069915771
1201,0.74282306432724
1202,0.31918036937713623
1203,0.7832584381103516
1204,0.279933899641037
1205,0.4983355700969696
1206,0.6144722700119019
1207,0.7345535755157471
1208,0.03257638216018677
1209,0.16598784923553467
1210,0.7493758797645569
1211,0.44064730405807495
1212,0.6327990293502808
1213,0.3244888186454773
1214,0.08461996167898178
1215,0.11819373071193695
1216,0.3628174960613251
1217,0.26356643438339233
1218,0.9482216835021973
1219,0.4721149206161499
1220,0.21789932250976562
1221,0.35739371180534363
1222,0.4729665219783783
1223,0.8536084294319153
1224,0.33402591943740845
1225,0.9241039156913757
1226,0.528847873210907
1227,0.8616133332252502
1228,0.9658244252204895
1229,0.28963762521743774
1230,0.552090585231781
1231,0.33311542868614197
1232,0.26032212376594543
1233,0.27965107560157776
1234,0.7717585563659668
1235,0.6357372403144836
1236,0.7887954115867615
1237,0.7053831815719604
1238,0.3037422299385071
1239,0.6054791212081909
1240,0.13024689257144928
1241,0.37207651138305664
1242,0.5580002069473267
1243,0.7160232067108154
1244,0.8995268940925598
1245,0.6459754109382629
1246,0.11934612691402435
1247,0.4577190577983856
1248,0.7915968298912048
1249,0.7901774644851685
1250,0.5378918647766113
1251,0.4517591893672943
1252,0.48132196068763733
1253,0.7734079360961914
1254,0.22971081733703613
1255,0.827177107334137
1256,0.4021262526512146
1257,0.35593655705451965
1258,0.8369372487068176
1259,0.10862097889184952
1260,0.24649079144001007
1261,0.16429615020751953
1262,0.18475814163684845
1263,0.23059327900409698
1264,0.12852628529071808
1265,0.29459571838378906
1266,0.12522554397583008
1267,0.24851486086845398
1268,0.7680464386940002
1269,0.8936394453048706
1270,0.9690852165222168
1271,0.14063166081905365
1272,0.22028225660324097
1273,0.8521229028701782
1274,0.8406867980957031
1275,0.9679831862449646
1276,0.19825764000415802
1277,0.6632065773010254
1278,0.38774755597114563
1279,0.9175245761871338
1280,0.13082827627658844
1281,0.34022894501686096
1282,0.42323148250579834
1283,0.2323215752840042
1284,0.9380537867546082
1285,0.49728718400001526
1286,0.5097329020500183
1287,0.2877610921859741
1288,0.9327192306518555
1289,0.0816490426659584
1290,0.15712511539459229
1291,0.34573760628700256
1292,0.40619832277297974
1293,0.5171416997909546
1294,0.10988982766866684
1295,0.5685741901397705
1296,0.8863893747329712
1297,0.09441958367824554
1298,0.1445295363664627
1299,0.4853702783584595
1300,0.34791886806488037
1301,0.9149182438850403
1302,0.7238776683807373
1303,0.3090268671512604
1304,0.39873334765434265
1305,0.9743046164512634
1306,0.2539396286010742
1307,0.9411442875862122
1308,0.26243311166763306
1309,0.5074602365493774
1310,0.31120049953460693
1311,0.18233203887939453
1312,0.2710307836532593
1313,0.20344577729701996
1314,0.41803601384162903
1315,0.35392192006111145
1316,0.45919543504714966
1317,0.6626174449920654
1318,0.9372369647026062
1319,0.33150753378868103
1320,0.3478468358516693
1321,0.9406542778015137
1322,0.7335918545722961
1323,0.8491121530532837
1324,0.7439615726470947
1325,0.10351211577653885
1326,0.4356689453125
1327,0.1520351767539978
1328,0.2386050671339035
1329,0.2397264540195465
1330,0.1746920645236969
1331,0.7427538633346558
1332,0.13433848321437836
1333,0.9479451179504395
1334,0.09407073259353638
1335,0.19604633748531342
1336,0.3285890221595764
1337,0.5837131142616272
1338,0.19549162685871124
1339,0.11627382040023804
1340,0.30195096135139465
1341,0.34916406869888306
1342,0.9608268141746521
1343,0.43785229325294495
1344,0.9167603254318237
1345,0.8384150862693787
1346,0.14325541257858276
1347,0.7394320964813232
1348,0.16883584856987
1349,0.7214379906654358
1350,0.20398014783859253
1351,0.8439801335334778
1352,0.9370582103729248
1353,0.484936386346817
1354,0.3889212906360626
1355,0.9440922737121582
1356,0.8970028162002563
1357,0.21010704338550568
1358,0.2908256947994232
1359,0.5169361233711243
1360,0.8593671917915344
1361,0.27487337589263916
1362,0.3188004195690155
1363,0.8367292284965515
1364,0.44040805101394653
1365,0.40479812026023865
1366,0.11469398438930511
1367,0.8038631081581116
1368,0.34772515296936035
1369,0.1593802571296692
1370,0.12593774497509003
1371,0.9158943891525269
1372,0.8340976238250732
1373,0.6286869645118713
1374,0.8488409519195557
1375,0.5069917440414429
1376,0.49829554557800293
1377,0.3569640517234802
1378,0.21372345089912415
1379,0.10346312075853348
1380,0.8583534955978394
1381,0.7998318672180176
1382,0.12367526441812515
1383,0.2589452266693115
1384,0.7848684191703796
1385,0.6324437856674194
1386,0.6596055030822754
1387,0.18323494493961334
1388,0.3960002660751343
1389,0.3441615700721741
1390,0.9427335262298584
1391,0.06524840742349625
1392,0.41256076097488403
1393,0.188578799366951
1394,0.511276364326477
1395,0.24631230533123016
1396,0.129431813955307
1397,0.21499094367027283
1398,0.35985997319221497
1399,0.7111716866493225
1400,0.9064673781394958
1401,0.46443530917167664
1402,0.6484194993972778
1403,0.5099485516548157
1404,0.7169095873832703
1405,0.9760088920593262
1406,0.16182811558246613
1407,0.38983771204948425
1408,0.1689765453338623
1409,0.6594303846359253
1410,0.1975865662097931
1411,0.6435002684593201
1412,0.6937393546104431
1413,0.08873593062162399
1414,0.4655851721763611
1415,0.13208362460136414
1416,0.4269201159477234
1417,0.8843576312065125
1418,0.15876127779483795
1419,0.2733974754810333
1420,0.18662109971046448
1421,0.6923794150352478
1422,0.8177907466888428
1423,0.10725852102041245
1424,0.13240225613117218
1425,0.7541508674621582
1426,0.797751784324646
1427,0.912376344203949
1428,0.2624489367008209
1429,0.4129232168197632
1430,0.9619444608688354
1431,0.4336449205875397
1432,0.8172095417976379
1433,0.07406719028949738
1434,0.7317696213722229
1435,0.11871857196092606
1436,0.06574344635009766
1437,0.18670278787612915
1438,0.38168850541114807
1439,0.1475147157907486
1440,0.3174307942390442
1441,0.7046124935150146
1442,0.2363118678331375
1443,0.11261920630931854
1444,0.8265936374664307
1445,0.1840624213218689
1446,0.7692873477935791
1447,0.6768152713775635
1448,0.14685307443141937
1449,0.18526867032051086
1450,0.7560701370239258
1451,0.8966174721717834
1452,0.43746131658554077
1453,0.17691726982593536
1454,0.6797013878822327
1455,0.19049079716205597
1456,0.11937987804412842
1457,0.9338089227676392
1458,0.37062540650367737
1459,0.3452712893486023
1460,0.6502172946929932
1461,0.7449932098388672
1462,0.9079912304878235
1463,0.19826363027095795
1464,0.8849048614501953
1465,0.9001641273498535
1466,0.9389442801475525
1467,0.8465191721916199
1468,0.5872771143913269
1469,0.8788532614707947
1470,0.38288453221321106
1471,0.8127962946891785
1472,0.5019599199295044
1473,0.17731857299804688
1474,0.2668076455593109
1475,0.15576419234275818
1476,0.1723136305809021
1477,0.243038609623909
1478,0.3175530433654785
1479,0.8555797934532166
1480,0.9009373784065247
1481,0.3403623700141907
1482,0.988283634185791
1483,0.31707563996315
1484,0.2881920337677002
1485,0.19074834883213043
1486,0.4289492964744568
1487,0.9662566184997559
1488,0.34316298365592957
1489,0.9100451469421387
1490,0.18509028851985931
1491,0.9385542273521423
1492,0.22092702984809875
1493,0.7716243863105774
1494,0.8627457618713379
1495,0.6189002990722656
1496,0.22328360378742218
1497,0.8401885628700256
1498,0.2750449478626251
1499,0.9394627809524536
1500,0.6595151424407959
1501,0.050416234880685806
1502,0.28949108719825745
1503,0.06796211004257202
1504,0.08463943004608154
1505,0.598381519317627
1506,0.8866504430770874
1507,0.38454002141952515
1508,0.2892783582210541
1509,0.3555286228656769
1510,0.9530319571495056
1511,0.8621371984481812
1512,0.6174842715263367
1513,0.2937270998954773
1514,0.9607360363006592
1515,0.14998598396778107
1516,0.9223621487617493
1517,0.9486874938011169
1518,0.6396297216415405
1519,0.33568572998046875
1520,0.2711792290210724
1521,0.7329105734825134
1522,0.2664170563220978
1523,0.7705222368240356
1524,0.9556551575660706
1525,0.6490349769592285
1526,0.541355311870575
1527,0.5061728358268738
1528,0.9826516509056091
1529,0.3165552020072937
1530,0.7754234075546265
1531,0.24772533774375916
